-- MySQL dump 10.13  Distrib 8.0.41, for Win64 (x86_64)
--
-- Host: localhost    Database: social
-- ------------------------------------------------------
-- Server version	8.0.41

/*!40101 SET @OLD_CHARACTER_SET_CLIENT=@@CHARACTER_SET_CLIENT */;
/*!40101 SET @OLD_CHARACTER_SET_RESULTS=@@CHARACTER_SET_RESULTS */;
/*!40101 SET @OLD_COLLATION_CONNECTION=@@COLLATION_CONNECTION */;
/*!50503 SET NAMES utf8mb4 */;
/*!40103 SET @OLD_TIME_ZONE=@@TIME_ZONE */;
/*!40103 SET TIME_ZONE='+00:00' */;
/*!40014 SET @OLD_UNIQUE_CHECKS=@@UNIQUE_CHECKS, UNIQUE_CHECKS=0 */;
/*!40014 SET @OLD_FOREIGN_KEY_CHECKS=@@FOREIGN_KEY_CHECKS, FOREIGN_KEY_CHECKS=0 */;
/*!40101 SET @OLD_SQL_MODE=@@SQL_MODE, SQL_MODE='NO_AUTO_VALUE_ON_ZERO' */;
/*!40111 SET @OLD_SQL_NOTES=@@SQL_NOTES, SQL_NOTES=0 */;

--
-- Table structure for table `comments`
--

DROP TABLE IF EXISTS `comments`;
/*!40101 SET @saved_cs_client     = @@character_set_client */;
/*!50503 SET character_set_client = utf8mb4 */;
CREATE TABLE `comments` (
  `id` int NOT NULL AUTO_INCREMENT,
  `desc` varchar(200) NOT NULL,
  `createdAt` datetime DEFAULT NULL,
  `userId` int NOT NULL,
  `postId` int NOT NULL,
  PRIMARY KEY (`id`),
  UNIQUE KEY `id_UNIQUE` (`id`),
  KEY `commentUserId_idx` (`userId`),
  KEY `postId_idx` (`postId`),
  CONSTRAINT `commentUserId` FOREIGN KEY (`userId`) REFERENCES `users` (`id`) ON DELETE CASCADE ON UPDATE CASCADE,
  CONSTRAINT `postId` FOREIGN KEY (`postId`) REFERENCES `posts` (`id`) ON DELETE CASCADE ON UPDATE CASCADE
) ENGINE=InnoDB AUTO_INCREMENT=4 DEFAULT CHARSET=utf8mb4 COLLATE=utf8mb4_0900_ai_ci;
/*!40101 SET character_set_client = @saved_cs_client */;

--
-- Dumping data for table `comments`
--

LOCK TABLES `comments` WRITE;
/*!40000 ALTER TABLE `comments` DISABLE KEYS */;
INSERT INTO `comments` VALUES (1,'hahahaha Xd','2025-04-22 23:28:19',2,16),(2,'hehe','2025-04-22 23:29:53',2,16),(3,'nice','2025-04-22 23:30:25',2,5);
/*!40000 ALTER TABLE `comments` ENABLE KEYS */;
UNLOCK TABLES;

--
-- Table structure for table `likes`
--

DROP TABLE IF EXISTS `likes`;
/*!40101 SET @saved_cs_client     = @@character_set_client */;
/*!50503 SET character_set_client = utf8mb4 */;
CREATE TABLE `likes` (
  `id` int NOT NULL AUTO_INCREMENT,
  `userId` int NOT NULL,
  `postId` int NOT NULL,
  PRIMARY KEY (`id`),
  UNIQUE KEY `id_UNIQUE` (`id`),
  KEY `userId_idx` (`userId`),
  KEY `postId_idx` (`postId`),
  CONSTRAINT `likePostId` FOREIGN KEY (`postId`) REFERENCES `posts` (`id`) ON DELETE CASCADE ON UPDATE CASCADE,
  CONSTRAINT `likeUserId` FOREIGN KEY (`userId`) REFERENCES `users` (`id`) ON DELETE CASCADE ON UPDATE CASCADE
) ENGINE=InnoDB AUTO_INCREMENT=5 DEFAULT CHARSET=utf8mb4 COLLATE=utf8mb4_0900_ai_ci;
/*!40101 SET character_set_client = @saved_cs_client */;

--
-- Dumping data for table `likes`
--

LOCK TABLES `likes` WRITE;
/*!40000 ALTER TABLE `likes` DISABLE KEYS */;
INSERT INTO `likes` VALUES (1,2,16),(3,2,3),(4,2,1);
/*!40000 ALTER TABLE `likes` ENABLE KEYS */;
UNLOCK TABLES;

--
-- Table structure for table `posts`
--

DROP TABLE IF EXISTS `posts`;
/*!40101 SET @saved_cs_client     = @@character_set_client */;
/*!50503 SET character_set_client = utf8mb4 */;
CREATE TABLE `posts` (
  `id` int NOT NULL AUTO_INCREMENT,
  `desc` varchar(200) DEFAULT NULL,
  `img` varchar(200) DEFAULT NULL,
  `userId` int DEFAULT NULL,
  `createdAt` datetime DEFAULT NULL,
  PRIMARY KEY (`id`),
  UNIQUE KEY `id_UNIQUE` (`id`),
  KEY `userId_idx` (`userId`),
  CONSTRAINT `userId` FOREIGN KEY (`userId`) REFERENCES `users` (`id`) ON DELETE CASCADE ON UPDATE CASCADE
) ENGINE=InnoDB AUTO_INCREMENT=18 DEFAULT CHARSET=utf8mb4 COLLATE=utf8mb4_0900_ai_ci;
/*!40101 SET character_set_client = @saved_cs_client */;

--
-- Dumping data for table `posts`
--

LOCK TABLES `posts` WRITE;
/*!40000 ALTER TABLE `posts` DISABLE KEYS */;
INSERT INTO `posts` VALUES (1,'test',NULL,1,NULL),(2,'test2',NULL,2,NULL),(3,'test3',NULL,3,NULL),(4,'yadav ji from UP',NULL,2,'2025-04-22 19:36:30'),(5,'Visited ajanta caves today',NULL,2,'2025-04-22 21:19:51'),(16,'Hehe this is funny :)))))','1745342736665Screenshot 2023-03-22 011701.png',2,'2025-04-22 22:55:36'),(17,'hello','',2,'2025-04-28 19:33:59');
/*!40000 ALTER TABLE `posts` ENABLE KEYS */;
UNLOCK TABLES;

--
-- Table structure for table `relationships`
--

DROP TABLE IF EXISTS `relationships`;
/*!40101 SET @saved_cs_client     = @@character_set_client */;
/*!50503 SET character_set_client = utf8mb4 */;
CREATE TABLE `relationships` (
  `id` int NOT NULL AUTO_INCREMENT,
  `followerUserId` int NOT NULL,
  `followedUserId` int NOT NULL,
  PRIMARY KEY (`id`),
  UNIQUE KEY `id_UNIQUE` (`id`),
  KEY `followerUser_idx` (`followerUserId`),
  KEY `followedUser_idx` (`followedUserId`),
  CONSTRAINT `followedUser` FOREIGN KEY (`followedUserId`) REFERENCES `users` (`id`) ON DELETE CASCADE ON UPDATE CASCADE,
  CONSTRAINT `followerUser` FOREIGN KEY (`followerUserId`) REFERENCES `users` (`id`) ON DELETE CASCADE ON UPDATE CASCADE
) ENGINE=InnoDB AUTO_INCREMENT=4 DEFAULT CHARSET=utf8mb4 COLLATE=utf8mb4_0900_ai_ci;
/*!40101 SET character_set_client = @saved_cs_client */;

--
-- Dumping data for table `relationships`
--

LOCK TABLES `relationships` WRITE;
/*!40000 ALTER TABLE `relationships` DISABLE KEYS */;
INSERT INTO `relationships` VALUES (1,2,3),(2,2,1),(3,2,4);
/*!40000 ALTER TABLE `relationships` ENABLE KEYS */;
UNLOCK TABLES;

--
-- Table structure for table `stories`
--

DROP TABLE IF EXISTS `stories`;
/*!40101 SET @saved_cs_client     = @@character_set_client */;
/*!50503 SET character_set_client = utf8mb4 */;
CREATE TABLE `stories` (
  `id` int NOT NULL AUTO_INCREMENT,
  `img` varchar(200) NOT NULL,
  `userId` int NOT NULL,
  PRIMARY KEY (`id`),
  UNIQUE KEY `id_UNIQUE` (`id`),
  KEY `storyUserId_idx` (`userId`),
  CONSTRAINT `storyUserId` FOREIGN KEY (`userId`) REFERENCES `users` (`id`) ON DELETE CASCADE ON UPDATE CASCADE
) ENGINE=InnoDB DEFAULT CHARSET=utf8mb4 COLLATE=utf8mb4_0900_ai_ci;
/*!40101 SET character_set_client = @saved_cs_client */;

--
-- Dumping data for table `stories`
--

LOCK TABLES `stories` WRITE;
/*!40000 ALTER TABLE `stories` DISABLE KEYS */;
/*!40000 ALTER TABLE `stories` ENABLE KEYS */;
UNLOCK TABLES;

--
-- Table structure for table `users`
--

DROP TABLE IF EXISTS `users`;
/*!40101 SET @saved_cs_client     = @@character_set_client */;
/*!50503 SET character_set_client = utf8mb4 */;
CREATE TABLE `users` (
  `id` int NOT NULL AUTO_INCREMENT,
  `username` varchar(45) NOT NULL,
  `email` varchar(45) NOT NULL,
  `password` varchar(200) NOT NULL,
  `name` varchar(45) NOT NULL,
  `coverPic` varchar(300) DEFAULT NULL,
  `profilePic` varchar(300) DEFAULT NULL,
  `city` varchar(45) DEFAULT NULL,
  `website` varchar(45) DEFAULT NULL,
  PRIMARY KEY (`id`),
  UNIQUE KEY `id_UNIQUE` (`id`)
) ENGINE=InnoDB AUTO_INCREMENT=5 DEFAULT CHARSET=utf8mb4 COLLATE=utf8mb4_0900_ai_ci;
/*!40101 SET character_set_client = @saved_cs_client */;

--
-- Dumping data for table `users`
--

LOCK TABLES `users` WRITE;
/*!40000 ALTER TABLE `users` DISABLE KEYS */;
INSERT INTO `users` VALUES (1,'test','test@gmail.com','$2b$10$KAXE92ZAvJV3LBsaGDZa7.wHQNKgR5tIMmKzHomzC1VMBfeQW7sja','Jon Doe',NULL,NULL,NULL,NULL),(2,'satyamji','satyam@gmail.com','$2b$10$duQVE19WUH/d561mScoPKufLRqZeEa8IYeeuSngr8.91jvRNSGgOO','Satyam Yadav',NULL,NULL,NULL,NULL),(3,'utkarsh','utkarsh@gmail.com','$2b$10$c040WZ.5ev1QgRtBGMQXsu1Eq8K4je3rKFcQ7rgEqWGbBi1RVprAG','Utkarsh Anand',NULL,NULL,NULL,NULL),(4,'paras','paras@gmail.com','$2b$10$9IeV8HkDJoRmTCuWavqo6uID2dtFGKJLT8I379x.9/JUCza9ZYTgu','Paras Upadhyay',NULL,NULL,NULL,NULL);
/*!40000 ALTER TABLE `users` ENABLE KEYS */;
UNLOCK TABLES;
/*!40103 SET TIME_ZONE=@OLD_TIME_ZONE */;

/*!40101 SET SQL_MODE=@OLD_SQL_MODE */;
/*!40014 SET FOREIGN_KEY_CHECKS=@OLD_FOREIGN_KEY_CHECKS */;
/*!40014 SET UNIQUE_CHECKS=@OLD_UNIQUE_CHECKS */;
/*!40101 SET CHARACTER_SET_CLIENT=@OLD_CHARACTER_SET_CLIENT */;
/*!40101 SET CHARACTER_SET_RESULTS=@OLD_CHARACTER_SET_RESULTS */;
/*!40101 SET COLLATION_CONNECTION=@OLD_COLLATION_CONNECTION */;
/*!40111 SET SQL_NOTES=@OLD_SQL_NOTES */;

-- Dump completed on 2025-11-07 16:58:41
